Alpha,Beta,Presión promedio,Relación de expansión,Ac/At,De,Dt,Dc
0.3141592653589793,0.7853981633974483,60.46647577795251,1.1875249361154978,4.0,13.839649451704643,12.7,25.4
