Alpha,Beta,Presión promedio,Relación de expansión,Ac/At,De,Dt,Dc
0.2617993877991494,0.5235987755982988,169.27451061581712,2.497665448128789,15.500031000062002,10.035542587831168,6.35,25
