Alpha,Beta,Presión promedio,Relación de expansión,Ac/At,De,Dt,Dc
0.3141592653589793,0.7853981633974483,753.1994777834764,8.029230067332692,10.24,44.98323502914881,15.875,50.8
